Name,House,Position,Price
Taym,Earth,MID,13.5m
Mazin,Fire,DEF,10.5m
Mannaa,Fire,DEF,10.5m
Omar Elgammal,Wind,MID,9.0m
Adam Alkamal,Fire,MID,13.5m
George Palabekhian,Fire,FWD,10.5m
Adam Youssef,Wind,FWD,11.0m
Karim Nassar,Earth,DEF,8.5m
Youssef Haddad,Water,MID,9.5m
Omar Khalil,Fire,GK,10.0m
Zaid Mansour,Wind,DEF,7.5m
Ali Farouk,Earth,GK,9.0m
Hassan Saleh,Water,FWD,10.0m
Mahmoud Aziz,Fire,MID,12.0m
Yusuf Rahman,Wind,GK,8.0m
Ibrahim Noor,Earth,MID,9.0m
Khalid Sabri,Water,DEF,8.0m
Omar Zaki,Fire,DEF,9.5m
Yassin Adel,Wind,MID,10.5m
Tarek Fahmy,Earth,FWD,9.5m
Hassan Amin,Water,MID,8.5m
Mahmoud Zaki,Fire,GK,11.5m
Ali Sherif,Wind,DEF,9.0m
Karim Mostafa,Earth,MID,10.0m
Mostafa Sobhi,Water,FWD,8.0m
Ahmed Gamal,Fire,MID,11.0m
Amr Diaa,Wind,GK,9.5m
Mohamed Adel,Earth,DEF,10.0m
Sherif Tarek,Water,MID,7.5m
Mostafa Kamel,Fire,FWD,12.5m
Islam Reda,Wind,DEF,8.5m
Mahmoud Ashraf,Earth,GK,10.5m
Youssef Hamdy,Water,DEF,9.0m
Karim Fouad,Fire,MID,10.0m
Ahmed Samy,Wind,FWD,9.5m
Hussein Kamal,Earth,MID,8.0m
Mahmoud Refaat,Water,GK,10.0m
Ahmed Wael,Fire,DEF,11.0m
Ziad Tarek,Wind,MID,9.5m
Mamdouh Emad,Earth,FWD,10.5m
Yassin Badr,Water,DEF,8.5m
